{"cameraMode":{"drawMode":0,"name":"Shaded","section":"Shading Mode"},"sceneLighting":false,"audioPlay":false,"sceneViewState":{"m_AlwaysRefresh":false,"showFog":true,"showSkybox":false,"showFlares":true,"showImageEffects":true,"showParticleSystems":true,"showVisualEffectGraphs":true,"m_FxEnabled":true},"in2DMode":false,"pivot":{"x":18.47247314453125,"y":102.76190185546875,"z":9.684036254882813},"rotation":{"x":0.005396904423832893,"y":0.004503575153648853,"z":-0.000017762044080882333,"w":1.0000061988830567},"size":166.94068908691407,"orthographic":false}