{"cameraMode":{"drawMode":0,"name":"Shaded","section":"Shading Mode"},"sceneLighting":false,"audioPlay":false,"sceneViewState":{"m_AlwaysRefresh":false,"showFog":true,"showSkybox":false,"showFlares":true,"showImageEffects":true,"showParticleSystems":true,"showVisualEffectGraphs":true,"m_FxEnabled":true},"in2DMode":false,"pivot":{"x":1074.0145263671875,"y":628.5455932617188,"z":302.3680419921875},"rotation":{"x":-0.0006021367735229433,"y":0.0015012933872640133,"z":-0.0000020601112282747637,"w":1.0000150203704835},"size":307.43670654296877,"orthographic":false}