{"cameraMode":{"drawMode":0,"name":"Shaded","section":"Shading Mode"},"sceneLighting":false,"audioPlay":false,"sceneViewState":{"m_AlwaysRefresh":false,"showFog":true,"showSkybox":false,"showFlares":true,"showImageEffects":true,"showParticleSystems":true,"showVisualEffectGraphs":true,"m_FxEnabled":true},"in2DMode":false,"pivot":{"x":992.23291015625,"y":632.694580078125,"z":302.60919189453127},"rotation":{"x":-0.0006021367735229433,"y":0.0015012933872640133,"z":-0.0000020601112282747637,"w":1.0000150203704835},"size":257.8045654296875,"orthographic":false}