{"cameraMode":{"drawMode":0,"name":"Shaded","section":"Shading Mode"},"sceneLighting":false,"audioPlay":false,"sceneViewState":{"m_AlwaysRefresh":false,"showFog":true,"showSkybox":false,"showFlares":true,"showImageEffects":true,"showParticleSystems":true,"showVisualEffectGraphs":true,"m_FxEnabled":true},"in2DMode":false,"pivot":{"x":938.3557739257813,"y":542.4430541992188,"z":190.94720458984376},"rotation":{"x":0.024873269721865655,"y":-0.043789274990558627,"z":0.00107912952080369,"w":0.9987471699714661},"size":348.371826171875,"orthographic":false}