{"cameraMode":{"drawMode":0,"name":"Shaded","section":"Shading Mode"},"sceneLighting":false,"audioPlay":false,"sceneViewState":{"m_AlwaysRefresh":false,"showFog":true,"showSkybox":false,"showFlares":true,"showImageEffects":true,"showParticleSystems":true,"showVisualEffectGraphs":true,"m_FxEnabled":true},"in2DMode":false,"pivot":{"x":3.3714828491210939,"y":1.2322380542755128,"z":18.699430465698243},"rotation":{"x":0.32055753469467165,"y":0.6023080348968506,"z":-0.28717175126075747,"w":0.6723546385765076},"size":1.1361408233642579,"orthographic":false}