{"cameraMode":{"drawMode":0,"name":"Shaded","section":"Shading Mode"},"sceneLighting":false,"audioPlay":false,"sceneViewState":{"m_AlwaysRefresh":false,"showFog":true,"showSkybox":false,"showFlares":true,"showImageEffects":true,"showParticleSystems":true,"showVisualEffectGraphs":true,"m_FxEnabled":true},"in2DMode":false,"pivot":{"x":0.10561001300811768,"y":0.07201075553894043,"z":0.4362655580043793},"rotation":{"x":-0.3569375276565552,"y":0.5400936603546143,"z":-0.27055665850639346,"w":-0.7125418186187744},"size":0.8512954115867615,"orthographic":false}