{"cameraMode":{"drawMode":0,"name":"Shaded","section":"Shading Mode"},"sceneLighting":false,"audioPlay":false,"sceneViewState":{"m_AlwaysRefresh":false,"showFog":true,"showSkybox":false,"showFlares":true,"showImageEffects":true,"showParticleSystems":true,"showVisualEffectGraphs":true,"m_FxEnabled":true},"in2DMode":false,"pivot":{"x":1228.852294921875,"y":936.1181640625,"z":16.454071044921876},"rotation":{"x":-0.05936380848288536,"y":-0.0024046695325523617,"z":0.00014392462617252022,"w":-0.9982513785362244},"size":130.99082946777345,"orthographic":false}