{"cameraMode":{"drawMode":0,"name":"Shaded","section":"Shading Mode"},"sceneLighting":false,"audioPlay":false,"sceneViewState":{"m_AlwaysRefresh":false,"showFog":true,"showSkybox":false,"showFlares":true,"showImageEffects":true,"showParticleSystems":true,"showVisualEffectGraphs":true,"m_FxEnabled":true},"in2DMode":false,"pivot":{"x":25.948328018188478,"y":1.5029571056365967,"z":0.8908388614654541},"rotation":{"x":-0.4316353499889374,"y":-0.33579230308532717,"z":0.17712818086147309,"w":-0.8182799816131592},"size":3.5660250186920168,"orthographic":false}