{"cameraMode":{"drawMode":0,"name":"Shaded","section":"Shading Mode"},"sceneLighting":false,"audioPlay":false,"sceneViewState":{"m_AlwaysRefresh":false,"showFog":true,"showSkybox":false,"showFlares":true,"showImageEffects":true,"showParticleSystems":true,"showVisualEffectGraphs":true,"m_FxEnabled":true},"in2DMode":false,"pivot":{"x":25.990081787109376,"y":1.3228108882904053,"z":1.1802077293395997},"rotation":{"x":-0.3480285704135895,"y":-0.1351778358221054,"z":0.050787605345249179,"w":-0.9263077974319458},"size":2.0660252571105959,"orthographic":false}