{"cameraMode":{"drawMode":0,"name":"Shaded","section":"Shading Mode"},"sceneLighting":false,"audioPlay":false,"sceneViewState":{"m_AlwaysRefresh":false,"showFog":true,"showSkybox":false,"showFlares":true,"showImageEffects":true,"showParticleSystems":true,"showVisualEffectGraphs":true,"m_FxEnabled":true},"in2DMode":false,"pivot":{"x":1.4990642070770264,"y":-2.4611024856567385,"z":22.992412567138673},"rotation":{"x":0.4311935007572174,"y":-0.04492028430104256,"z":0.021489683538675309,"w":0.9009053111076355},"size":4.436140537261963,"orthographic":false}