{"cameraMode":{"drawMode":0,"name":"Shaded","section":"Shading Mode"},"sceneLighting":false,"audioPlay":false,"sceneViewState":{"m_AlwaysRefresh":false,"showFog":true,"showSkybox":false,"showFlares":true,"showImageEffects":true,"showParticleSystems":true,"showVisualEffectGraphs":true,"m_FxEnabled":true},"in2DMode":false,"pivot":{"x":-0.4537116289138794,"y":0.2899608612060547,"z":0.33874955773353579},"rotation":{"x":-0.20835313200950623,"y":0.5468239784240723,"z":-0.1427212357521057,"w":-0.7982656359672546},"size":2.6180338859558107,"orthographic":false}