{"cameraMode":{"drawMode":0,"name":"Shaded","section":"Shading Mode"},"sceneLighting":true,"audioPlay":false,"sceneViewState":{"m_AlwaysRefresh":false,"showFog":true,"showSkybox":true,"showFlares":true,"showImageEffects":true,"showParticleSystems":true,"showVisualEffectGraphs":true,"m_FxEnabled":true},"in2DMode":false,"pivot":{"x":16.402013778686525,"y":-0.10971224308013916,"z":16.381244659423829},"rotation":{"x":-0.1991199553012848,"y":-0.37046509981155398,"z":0.08163265138864517,"w":-0.9035817384719849},"size":0.90739506483078,"orthographic":false}