{"cameraMode":{"drawMode":0,"name":"Shaded","section":"Shading Mode"},"sceneLighting":false,"audioPlay":false,"sceneViewState":{"m_AlwaysRefresh":false,"showFog":true,"showSkybox":false,"showFlares":true,"showImageEffects":true,"showParticleSystems":true,"showVisualEffectGraphs":true,"m_FxEnabled":true},"in2DMode":false,"pivot":{"x":1149.2945556640625,"y":424.4546813964844,"z":627.38720703125},"rotation":{"x":0.10718677937984467,"y":0.011615904048085213,"z":-0.001259828801266849,"w":0.9941874146461487},"size":497.61566162109377,"orthographic":false}