{"cameraMode":{"drawMode":0,"name":"Shaded","section":"Shading Mode"},"sceneLighting":false,"audioPlay":false,"sceneViewState":{"m_AlwaysRefresh":false,"showFog":true,"showSkybox":false,"showFlares":true,"showImageEffects":true,"showParticleSystems":true,"showVisualEffectGraphs":true,"m_FxEnabled":true},"in2DMode":false,"pivot":{"x":973.3385009765625,"y":553.7115478515625,"z":46.57508850097656},"rotation":{"x":0.038374222815036777,"y":-0.028791330754756929,"z":0.0010974149918183685,"w":0.9988643527030945},"size":213.25631713867188,"orthographic":false}