{"cameraMode":{"drawMode":0,"name":"Shaded","section":"Shading Mode"},"sceneLighting":false,"audioPlay":false,"sceneViewState":{"m_AlwaysRefresh":false,"showFog":true,"showSkybox":false,"showFlares":true,"showImageEffects":true,"showParticleSystems":true,"showVisualEffectGraphs":true,"m_FxEnabled":true},"in2DMode":false,"pivot":{"x":1145.61865234375,"y":549.58056640625,"z":14.117080688476563},"rotation":{"x":0.04437346011400223,"y":-0.022792156785726548,"z":0.0010058991611003876,"w":0.9987717866897583},"size":231.95831298828126,"orthographic":false}